{"cameraMode":{"drawMode":0,"name":"Shaded","section":"Shading Mode"},"sceneLighting":false,"audioPlay":false,"sceneViewState":{"showFog":true,"showMaterialUpdate":false,"showSkybox":false,"showFlares":true,"showImageEffects":true,"showParticleSystems":true},"in2DMode":false,"pivot":{"x":-0.6484938263893127,"y":0.9828759431838989,"z":-0.10025060921907425},"rotation":{"x":-0.02612253837287426,"y":-0.7231535315513611,"z":0.02732677571475506,"w":-0.6896790862083435},"size":1.4727808237075806,"orthographic":true}