{"cameraMode":{"drawMode":0,"name":"Shaded","section":"Shading Mode"},"sceneLighting":false,"audioPlay":false,"sceneViewState":{"showFog":true,"showMaterialUpdate":false,"showSkybox":false,"showFlares":true,"showImageEffects":true,"showParticleSystems":true},"in2DMode":false,"pivot":{"x":-1.7391328811645508,"y":-0.049737975001335147,"z":-1.1330277919769288},"rotation":{"x":0.13871625065803529,"y":0.026729341596364976,"z":-0.003748540999367833,"w":0.9899880886077881},"size":3.484957695007324,"orthographic":false}