{"cameraMode":{"drawMode":0,"name":"Shaded","section":"Shading Mode"},"sceneLighting":false,"audioPlay":false,"sceneViewState":{"showFog":true,"showMaterialUpdate":false,"showSkybox":false,"showFlares":true,"showImageEffects":true,"showParticleSystems":true},"in2DMode":false,"pivot":{"x":3.376462459564209,"y":1.2074320316314698,"z":-1.054365634918213},"rotation":{"x":0.14150185883045197,"y":-0.5694282650947571,"z":0.10027467459440232,"w":0.8035447597503662},"size":3.0448591709136965,"orthographic":false}