{"cameraMode":{"drawMode":0,"name":"Shaded","section":"Shading Mode"},"sceneLighting":false,"audioPlay":false,"sceneViewState":{"showFog":true,"showMaterialUpdate":false,"showSkybox":false,"showFlares":true,"showImageEffects":true,"showParticleSystems":true},"in2DMode":false,"pivot":{"x":-1.8261805772781373,"y":1.9980566501617432,"z":-1.9127997159957886},"rotation":{"x":0.4886617064476013,"y":0.24655592441558839,"z":-0.14614702761173249,"w":0.8241079449653626},"size":1.1743035316467286,"orthographic":true}