{"cameraMode":{"drawMode":0,"name":"Shaded","section":"Shading Mode"},"sceneLighting":false,"audioPlay":false,"sceneViewState":{"showFog":true,"showMaterialUpdate":false,"showSkybox":false,"showFlares":true,"showImageEffects":true,"showParticleSystems":true},"in2DMode":false,"pivot":{"x":-0.5799999833106995,"y":1.7200000286102296,"z":-7.915473461151123},"rotation":{"x":0.1458658128976822,"y":-0.832990825176239,"z":0.4656270146369934,"w":0.26095542311668398},"size":1.397801160812378,"orthographic":false}