{"cameraMode":{"drawMode":0,"name":"Shaded","section":"Shading Mode"},"sceneLighting":false,"audioPlay":false,"sceneViewState":{"showFog":true,"showMaterialUpdate":false,"showSkybox":false,"showFlares":true,"showImageEffects":true,"showParticleSystems":true},"in2DMode":false,"pivot":{"x":-1.4790714979171754,"y":-1.4901161193847657e-8,"z":-9.591602325439454},"rotation":{"x":0.2542901933193207,"y":-0.585701584815979,"z":0.20042254030704499,"w":0.7430805563926697},"size":0.14559577405452729,"orthographic":false}