{"cameraMode":{"drawMode":0,"name":"Shaded","section":"Shading Mode"},"sceneLighting":false,"audioPlay":false,"sceneViewState":{"showFog":true,"showMaterialUpdate":false,"showSkybox":false,"showFlares":true,"showImageEffects":true,"showParticleSystems":true},"in2DMode":false,"pivot":{"x":-7.599213600158691,"y":-4.7337822914123539,"z":-1.6482094526290894},"rotation":{"x":0.22569486498832704,"y":-0.6784089207649231,"z":0.2321532964706421,"w":0.6595315337181091},"size":4.112612247467041,"orthographic":false}